"id","name","phone","organization","query",
"1","vinod","8082495670","organization","test query",
"2","vinod","8082495670","organization","test query",
"3","vinod","8082495670","organization","test query",
"4","vinod","8082495670","organization","test query",
"5","vinod","8082495670","organization","test query",
"6","vinod","8082495670","organization","test query",
"7","vinod","8082495670","organization","test query",
"8","vinod","8082495670","organization","test query",
"9","vinod","8082495670","organization","test query",
"10","vinod","8082495670","organization","test query",
"11","vinod","8082495670","organization","test query",
"12","vinod","8082495670","organization","test query",
"13","vinod","8082495670","organization","test query",
"14","vinod","8082495670","organization","test query",
"15","ting","6524564","wohlig","fgh gbfd gvfd",
"16","ting","6524564","wohlig","fgh gbfd gvfd",
"17","pooja","53453425","woh","???",
"18","pooja","53453425","woh","???",
